X1,X2,y
3.745401188473625,3.702658576772393,-3.859513188508421
9.50714306409916,10.838018947567162,2.4934313827687067
7.319939418114051,17.458916717528165,-4.9156404347639375
5.986584841970366,14.644497728191224,1.0667198992582283
1.5601864044243652,16.131222957228996,-6.321155275281386
1.5599452033620265,13.175667334214348,-19.942727299455598
0.5808361216819946,13.84553129035705,-0.23566155462825478
8.661761457749352,16.983913031306386,-1.4375280036199718
6.011150117432088,4.993360177183719,8.822170137475396
7.080725777960454,9.78849927286281,-1.51650147401247
0.20584494295802447,4.4241888363920445,-29.036816849004808
9.699098521619943,19.75336015993294,9.384168075740828
8.324426408004218,18.881186793732265,5.522080838456159
2.1233911067827616,0.788536227370118,1.5489587229306285
1.8182496720710062,14.11150345031377,-11.718272787950289
1.8340450985343382,18.504966348313317,-12.46145469459914
3.0424224295953772,3.6115069025466706,-12.353210777932988
5.247564316322379,11.358904611052589,-5.8023015159201075
4.319450186421157,18.309765951760838,-3.230446879841841
2.9122914019804194,0.6789195717159768,-6.076869212800617
6.118528947223795,13.948405344936798,1.4938152758016217
1.3949386065204183,5.946980147451015,-17.21484770687422
2.9214464853521815,18.487923907530607,-10.21759265132101
3.663618432936917,19.421164903307357,-14.50276662460137
4.56069984217036,18.885329782268677,-27.41196429235161
7.851759613930136,9.484284333149276,19.895651379617924
1.9967378215835974,17.240853019786268,-23.043094837765015
5.142344384136116,16.890987970701406,-15.515848974645206
5.924145688620425,6.382009464865113,9.157644836022355
0.46450412719997725,16.57830948301355,-7.246337567329162
6.075448519014383,0.7401526943098524,4.1422198745801655
1.7052412368729153,11.92539756964106,-9.430575492907266
0.6505159298527952,4.6001767457540605,0.39424273303284485
9.488855372533333,2.411337715545576,27.75958924531008
9.656320330745594,1.5390640325841831,24.05833954053522
8.08397348116461,13.925775517562794,-0.17127530899704801
3.0461376917337066,6.797499275361323,-8.81755710758652
0.9767211400638387,14.49533543057523,-14.09116083606693
6.842330265121569,1.3071268159788474,4.815883363773237
4.4015249373960135,6.305806756612206,-25.776660599390688
1.2203823484477883,10.789825847506744,-5.531237104311945
4.951769101112702,15.814463296779271,2.4414152075085838
0.34388521115218396,6.375050058641398,-30.4196713979076
9.093204020787821,12.517827528740181,-2.385690029618038
2.587799816000169,17.71955496472374,-8.602423807616088
6.62522284353982,12.31726376364609,22.357295289591228
3.1171107608941098,4.659189495072676,2.4096865849021434
5.200680211778108,0.4880156311307604,5.136052359797016
5.4671027934327965,17.401977478018598,-9.043580401088727
1.8485445552552704,0.42538821700774276,17.859659719210732
9.695846277645586,17.49403345368399,-3.212866241552174
7.7513282336111455,10.57874268054424,-1.3080906991277583
9.394989415641891,18.781353970257925,-3.8775864470251067
8.948273504276488,15.975664715473307,-6.333399980463872
5.978999788110851,19.95868221066675,-7.776216022575016
9.218742350231167,7.014236309034203,30.876556889432482
0.884925020519195,15.343765778622538,-12.969413651888766
1.959828624191452,8.038618272184843,-7.270305387406058
0.45227288910538066,9.597512406078177,-13.304445353685802
3.2533033076326436,12.550109264367402,-22.558780935125846
3.8867728968948203,17.473542283726776,-2.420220726763489
2.713490317738959,19.681669383985902,-17.612649436563704
8.287375091519294,15.365468277290365,0.4750766601435408
3.567533266935893,8.355335643346676,30.82350607377233
2.8093450968738076,8.427140045541403,-0.1016762288083024
5.426960831582485,14.75164603177783,-11.652483660129025
1.4092422497476265,4.775542915366047,-6.471121836125623
8.021969807540398,2.209482262627893,28.888002895665075
0.7455064367977082,7.09244315281553,-5.514461586006721
9.868869366005173,5.744779833081635,3.3956578321413033
7.722447692966574,5.926162409119802,21.38701368722471
1.987156815341724,4.672155020998199,-7.320134842233468
0.05522117123602399,0.8418637927272377,17.86079413899283
8.154614284548341,0.3574786946682762,30.75804193491541
7.068573438476172,19.75444779472063,-10.507122714061838
7.2900716804098735,8.555462674717248,20.768787608715115
7.712703466859457,7.686532943193633,10.736474240590317
0.7404465173409036,13.592945653861397,-5.93268174005922
3.5846572854427263,4.365077757301283,8.570878077790024
1.1586905952512971,18.99922367900451,-28.3659084765859
8.631034258755935,15.726900288311041,-3.73019302225803
6.232981268275579,1.7882200462451903,23.736197291006334
3.308980248526492,8.351615515698567,-5.09724131858746
0.6355835028602363,17.582366151243292,-23.546365256761323
3.109823217156622,18.894640445828205,-24.450236285595818
3.2518332202674705,9.348030224997395,1.147937436606414
7.29606178338064,12.268227784214154,24.143530309826065
6.3755747135521315,3.3406789218415045,1.2547929351277958
8.872127425763265,19.823372522739533,-1.3655338961516919
4.722149251619493,4.6334340276688675,20.367457850000385
1.195942459383017,18.854635482702513,-20.43212034324262
7.13244787222995,12.99293297984737,6.763318067255371
7.607850486168974,12.154735897577183,-6.18999214313898
5.612771975694963,10.253770220330171,6.010476646917686
7.70967179954561,4.613396234355173,11.86666136759233
4.937955963643907,3.5305606401101652,17.9655170977762
5.227328293819941,4.409724181403507,19.65051223251315
4.275410183585496,3.7287652428850904,32.10964358768777
0.2541912674409519,15.591689471335066,-12.27821746486394
1.0789142699330445,7.002505183334602,-2.4477573793472467
0.3142918568673425,1.1568535312679273,1.3413484204202035
6.364104112637804,19.382052602816227,-10.879865769891843
3.143559810763267,17.675717699268514,-9.967123277597137
5.085706911647028,18.55504566390426,-12.505801618957834
9.07566473926093,19.898156452928706,0.49598386733402067
2.4929222914887497,3.477904984389746,15.234795103533777
4.103829230356297,7.924840378053175,-9.31566103056948
7.555511385430487,15.164769514081826,12.08984065796848
2.2879816549162246,13.920412361075844,2.186609977398202
0.7697990982879299,3.077918126797101,-2.9496892763474842
2.8975145291376805,16.316662499812356,-33.554757667016574
1.6122128725400442,4.488811436733213,-7.4342614136740695
9.29697652342573,4.476352296452461,30.84076401843246
8.08120379564417,10.739488457868271,7.086942716679679
6.334037565104235,11.858798696834063,-8.388486846389394
8.714605901877178,11.601724156756223,2.816696554303303
8.036720768991145,1.8297367479550974,26.302318089977277
1.8657005888603584,17.54921725260761,-10.92747354896444
8.925589984899778,5.312000851774121,13.550252948423557
5.393422419156507,2.5902984256560835,6.706953818957089
8.074401551640625,17.774961597379544,-5.061531528192108
8.960912999234932,19.113029964595068,-9.757455304411774
3.1800347497186388,17.24255234530901,3.4127809546202013
1.1005192452767676,16.19032149449756,-19.900292372318553
2.279351625419417,13.104839612780435,2.144156736466984
4.271077886262563,11.017147412182787,12.670278340261577
8.18014765922493,1.7397351982282028,28.345795891668086
8.607305832563434,8.169064261413974,7.399184340531332
0.06952130531190703,7.45377034024628,-4.733420241649673
5.107473025775658,5.195075675206525,6.292635690282154
4.17411003148779,14.468402273771698,-15.963826257107844
2.2210781047073027,9.917514701575417,-3.1047295629062126
1.198653673336828,1.6209243181529587,-10.738872910039504
3.3761517140362796,4.403664038996227,15.032776322910864
9.429097039125192,13.665175273191918,2.52835929699875
3.2320293202075523,1.5226171898060037,8.26452923148007
5.187906217433661,17.024138280975375,-4.626321678124875
7.030189588951778,9.902930540279486,3.102907587003288
3.63629602379294,9.61173154653296,3.4236002183955456
9.717820827209607,11.848155693190352,5.327728669970352
9.624472949421111,16.493619318502983,12.981812165921642
2.5178229582536416,6.956184158043861,-15.512660396486014
4.972485058923855,13.560323051181271,-2.57737921864377
3.0087830981676964,11.314639279915822,13.3336806001031
2.848404943774676,5.3405654033884264,-9.290979370685168
0.36886947354532795,17.57259972710316,-26.942395693908985
6.095643339798968,15.948520432138562,1.2399623275202991
5.026790232288615,13.16903669316851,-1.4400506316846937
0.5147875124998935,17.011634581884838,-15.62069172427648
2.7864646423661146,17.34588401919605,-8.957027915643337
9.082658859666537,14.167259534300696,12.053150393623207
2.395618906669724,16.74026656727344,-3.002274194491587
1.448948720912231,13.949429233385672,-9.018756708497103
4.89452760277563,13.602815435206008,-6.499636061493555
9.856504541106007,12.372227564303685,16.520325287627905
2.4205527151150044,15.054332791152824,6.985001787356273
6.721355474058786,3.172102105861474,11.670528694287459
7.616196153287175,17.61741518397857,-11.845700884262758
2.3763754399239967,17.43687055490464,-3.912499373205847
7.282163486118596,0.5849456606911829,16.299662282931088
3.677831327192532,16.516335011295254,-32.35171915571334
6.3230583059357945,2.577397349468904,21.188985716981016
6.335297107608947,6.702377085182838,2.442108407263736
5.357746840747585,14.870165125832155,-5.355163872171232
0.902897700544083,3.215197920966164,1.7188100518909595
8.35302495589238,16.359340482381242,3.156350608664127
3.2078006497173583,16.64268355915484,-4.857200475302016
1.8651851039985423,10.149354675216724,-11.871126555962146
0.40775141554763916,0.1277174343366716,5.997175599425919
5.908929431882418,5.740762663498256,5.287941607668968
6.775643618422825,12.338538367514843,9.520967813914282
0.16587828927856152,19.62372356054847,-16.980097709331226
5.12093058299281,12.636270540333367,-11.715585211363967
2.2649577519793795,5.196071621283195,10.286929596158934
6.451727904094499,12.680114061992228,-4.446451565294907
1.7436642900499144,10.799707594317109,-0.5199104052442927
6.90937738102466,15.596907903022872,2.230027102947611
3.867353463005374,2.139612776539168,25.482685093617658
9.367299887367345,15.22055805004056,2.9189202346511696
1.3752094414599325,10.825331573522206,-13.04554224575879
3.410663510502585,19.25984007717989,-14.779345375236733
1.1347352124058907,6.837443320773722,-8.39989178225649
9.246936182785628,12.652437862678962,15.933834041169819
8.77339353380981,18.64056211020035,-16.598296782081775
2.579416277151556,2.050194559813585,-6.548516970360955
6.59984046034179,18.744569744729024,-16.671911758612286
8.172222002012159,13.757714446016267,13.424373589546637
5.5520081159946235,1.356741182103438,29.358064597281686
5.296505783560065,6.019271338936325,4.973646666801857
2.418522909004517,14.163441772905632,-12.638040086875572
0.9310276780589921,1.347012029375434,1.4116763910287733
8.972157579533267,11.643409203525465,20.07708593068451
9.004180571633304,6.917661139059135,4.935726720306558
6.33101457273268,12.418310355349542,3.309253832760101
3.390297910487007,0.914840676250257,17.129912262541506
3.492095746126609,17.430736123047524,-7.175702282942054
7.259556788702394,19.469779383547937,-3.3190271225141035
8.971102599525771,19.37755710571383,9.185148897629245
8.870864242651173,14.993036634858495,-22.84680628519463
7.798755458576238,2.6017248026126394,23.153572078614506
6.420316461542877,15.165263918580452,-8.688282379713584
0.8413996499504883,0.4917383291760302,-16.792915838699585
1.6162871409461377,0.4424710305799451,8.621778610919218
8.985541885270793,6.4722043829908245,28.433794905217567
6.0642905965958995,9.772863808093316,2.0588047755008523
0.09197051616629648,15.408148356155865,-8.731106264941912
1.014715428660321,13.665907532130104,2.2604821129811334
6.635017691080558,8.918054127534967,19.035023810499908
0.05061583846218687,5.472533325633318,9.959144899109418
1.6080805141749865,19.942490003154223,-12.489511807628679
5.487337893665861,8.523626044719459,4.244329869517231
6.918951976926932,9.02774048659351,-9.555566760566565
6.519612595026006,3.2724764238333837,9.911434897665469
2.242693094605598,15.896190974998587,-21.901162386646224
7.121792213475358,13.873644515629772,22.86553428991081
2.3724908749680007,4.415392255775208,-1.1261016438336136
3.2539969815926773,1.647620912316854,7.389895427046326
7.464914051180242,13.609986041494261,7.845155638562169
6.496328990472147,13.090224285622705,0.9685777971576619
8.49223410494178,5.465190539964187,31.622867018704955
6.576128923003433,19.017271245008207,-12.606896803845782
5.683086033354716,3.0211578356180047,12.52840023301761
0.9367476782809248,8.646696020852039,-15.458871886300617
3.6771580305943354,18.872318403351976,-26.654112119743587
2.6520236768172545,8.394546338522446,-9.561087323236652
2.4398964337908358,12.77051895328171,-9.595249629945082
9.730105547524456,7.9518879592558855,10.48997607253148
3.930977246667604,5.484304046973401,-3.6779315384376314
8.920465551771134,19.679552959196563,-15.377474308326383
6.311386259972629,8.18668012630086,5.123393772083592
7.948113035416484,17.88198407358269,-16.63530204006804
5.026370931051921,4.599092117821724,14.64757642313976
5.769038846263591,4.262094080501666,10.13248174840201
4.925176938188639,0.6226816576902272,-3.0097906384059794
1.952429877980445,13.033336507517701,-13.851019884568762
7.224521152615053,7.370526874475223,1.6951065762615327
2.807723624408558,17.28716499679274,-10.533543830938088
0.2431596643145384,9.464198133831143,2.655365860420419
6.454722959071678,19.363868558294435,-25.85155956873157
1.7711067940704894,3.710510314062423,1.1254153997754874
9.404585843529143,17.372463359112217,1.0631806222217923
9.539285770025874,15.531937055834835,11.923290722567534
9.148643902204485,15.41843689288104,6.501451766430856
3.7015870025544437,16.895664562337753,-18.540523285807385
0.15456616528867428,15.220479818859978,-21.06869972607647
9.283185625877254,12.524406432628307,0.21841777750427482
4.281841483173143,2.6248975536477515,18.31479802954154
9.666548190436696,0.6505235898250383,23.598858655021118
9.636199770892528,18.416956956313737,21.002057937184915
8.530094554673601,12.333006290414762,5.919020700040083
2.944488920695857,15.930745819523526,-18.839740350793218
3.8509772860192526,9.630447030251002,-17.066237147381344
8.511366715168569,2.3461637792478895,0.4316234902645064
3.1692200515627764,2.5037158440510088,-10.922768314009167
1.6949274668609249,13.711305744579427,-9.544981716228165
5.568012624583502,8.606117897989254,8.679940316170988
9.36154774160781,4.010494534006734,2.7793688928901066
6.96029796674973,9.831890934828738,14.552858935840993
5.700611700893649,1.2841787415026817,7.879904245596509
0.9717649377076854,11.639428038287976,-10.069971181820865
6.150072266991698,5.379868088701953,25.041545243591145
9.900538501042632,15.951182012743763,14.578320995969387
1.4008401523652403,6.207239178471475,-6.631893112310992
5.183296523637368,9.104402981636024,-6.878964523022685
8.773730719279554,0.2324107981620127,0.13727982711142062
7.407686177542044,1.4489377558911776,9.588956944361497
6.97015740995268,7.849871128133696,5.894245782844321
7.024840839871093,9.59877669434247,-3.8282252050450722
3.5949115121975517,12.000410962386074,-6.725784045292455
2.9359184426449336,5.833251574186065,1.1084130471767384
8.093611554785136,13.899637722530851,1.3059038018450337
8.101133946791808,17.20244794378409,-6.890128473795987
8.670723185801037,15.597019777866997,4.646930950729473
9.132405525564714,0.7923765069671429,26.299568501245304
5.113423988609378,9.610138945156578,-9.652597537092909
5.015162946871996,2.0986035683634974,24.128906882606493
7.9829517896677515,4.840900317250549,13.162417770626103
6.4996393077776515,19.73325186534293,-7.242307739518909
7.019668772577034,2.8499108580302646,21.21142313437184
7.95792669436101,9.977763069027121,10.253662365704995
8.900053418175663,12.363114686362382,16.945762260936746
3.379951568515358,14.049299410882078,-5.538038719751857
3.75582952639944,11.192973669738283,-10.166368334091718
0.93981939840869,0.19541694838367318,5.730083410022333
5.78280140996174,6.529226164879837,-4.815329946158071
0.35942273796742086,10.354232867694229,-10.440925538549292
4.655980181324601,1.757329982896667,9.198854567390896
5.426446347075766,7.012538624183615,3.0699009459436803
2.865412521282844,0.6640621758273313,5.0812815778250044
5.9083326056901075,1.5715699431004149,-5.933542872471621
0.3050024993904943,7.938465524031921,-14.250901457771684
0.37348188749214417,2.654315080861207,-1.323024366891941
8.226005606596583,11.350816965231163,8.542597578188069
3.601906414112629,13.789299382745314,-17.819144633272384
1.2706051265188478,16.011733982181656,-3.380489553673863
5.222432600548044,4.003004884896201,-0.4092728426503385
7.699935530986108,3.349651645181395,24.924828858514964
2.1582102749684315,2.091356806688005,7.157841138112322
6.228904758190002,12.728604990872734,-6.164337192010304
0.85347464993768,14.129514529738023,2.9313781152536915
0.516817211686077,0.6317228965128407,-11.402392764165018
5.31354631568148,18.724244924873798,0.006313615455157517
5.406351216101065,1.0394256730294482,22.274390413047108
6.374299014982066,10.82592670602141,-3.761566600536976
7.260913337226615,14.181210389018329,15.05948387688783
9.758520794625346,17.41938247492171,0.9925778706677861
5.163003483011953,14.281738642648556,-1.3436413708498125
3.2295647294124596,16.034561661395838,-8.564343782431648
7.9518619476870365,6.789003850856121,10.38976283348477
2.708322512620742,16.296502274930244,-4.676913716766613
4.389714207056361,1.6022969276935028,16.98641640993083
0.7845638134226596,17.896333121210553,-36.99950994427782
0.2535074341545751,10.951847523074726,0.5349539864782944
9.626484146779251,16.345955399249874,-12.173855992508464
8.359801205122059,9.046365690366002,20.36932622778252
6.95974206093698,12.871553903930499,13.220541835901686
4.089529444142698,10.528053218722263,-13.319504554261952
1.7329432007084578,14.631790435106637,-17.33393339990267
1.5643704267108605,1.6325996406117915,-9.105240186816356
2.502428981645953,1.207041679811276,2.6584121354539976
5.4922666470612045,4.942064680202929,4.719846159552084
7.145959227000623,3.190893602263767,21.832431067478435
6.601973767177313,17.435671331844034,8.68521628092653
2.7993389694594284,4.384279747160886,15.69404983495507
9.54865280663194,19.517305116382627,-5.170814388862319
7.378969166957685,6.737915835422137,8.269705177442372
5.543540525114007,3.6423583137739857,-7.346360585953267
6.117207462343522,15.793970142849583,-11.71844618052258
4.196000624277899,13.174155510017522,4.3295312796482985
2.4773098950115746,9.96391432906278,10.392405778135918
3.559726786512616,11.107271018752625,-16.77289697502083
7.578461104643691,14.384035565445277,-4.239332508454047
0.14393488629755868,4.5690948266259745,-5.387134145796543
1.1607264050691624,19.926678321134837,-18.208586384492833
0.4600264202175275,19.495863242935663,-30.341005040195434
0.40728802318970136,13.006513726938739,-10.348985969711336
8.554605840110073,3.9908490185829026,11.859102307266538
7.036578593800237,13.604564848625827,1.1214459573668094
4.741738290873252,1.4439681795835169,15.584426391719905
0.9783416065100148,0.6130500441161213,1.7744166614450696
4.916158751168323,5.153657770224274,1.742148648385995
4.734717707805657,9.252459134786326,-0.3622547314877578
1.7320186991001518,17.36545010816761,-17.392122974104105
4.33851649237973,14.543381395326161,-10.305876742263347
3.9850473439737346,14.85413042399962,-10.450298775536233
6.158500980522165,8.509866688961507,21.17088412959877
6.350936508676438,6.918699850939259,13.18409592997637
0.4530400977204452,7.4207752596920535,-10.727133247620955
3.746126146264712,19.752991274721158,-7.368730118896252
6.258599157142363,0.8021838282496496,11.345682401396228
5.031362585800877,17.340629922448972,3.5008969334298374
8.564898411883222,11.573508171447868,11.220458145951552
6.58693631618945,8.77230838379181,4.867549289881165
1.629344270814297,14.50515320830273,-8.855653914824758
0.7056874740042984,9.733378828494057,-25.624597429867116
6.424192782063156,17.46846476163321,-16.169350447900015
0.26511310541621813,18.01403728022517,-32.89331203672022
5.8577558127346325,8.434418537469108,5.952518234510718
9.402302414249576,5.536555944701032,34.18703889683362
5.75474177875879,11.847006571867244,22.483448022582607
3.881699262065219,18.24726691233382,-5.811961125229964
6.432882184423532,4.213243780113332,16.034757674367402
4.582528904915167,12.459331671269656,-21.50545308476306
5.45616789315935,12.631204401850411,-6.943763546662336
9.41464808776525,14.66226044830562,-1.9359298376360048
3.8610263780077423,2.631353702545196,0.2864655194539605
9.611905638239142,14.31649929364177,5.168526757379837
9.053506419560637,18.18065041331282,-3.9039202240450637
1.9579113478929644,3.5936621774048394,-19.210614346911274
0.6936130087516545,4.750866498477553,3.5120952848814113
1.0077800137742665,19.427901880832792,-31.521462479961748
0.18221825651549728,3.6195390541897954,-1.4954325826275157
0.944429607559284,17.087701867391583,2.596658475528045
6.830067734163569,9.845557128960696,-3.933345135208146
0.7118864846022899,4.944621488063541,-29.45670480163382
3.189756302937613,17.414998025450227,-15.783649091997347
8.448753109694545,8.90610510005331,21.4441530041581
0.23271935735825866,10.296347078593804,7.809656441289018
8.144684825889358,7.184667387995313,-0.5553847453951484
2.8185477477339993,11.859017028698549,-2.2174588327380436
1.1816482762165625,3.2704774517004553,-5.623556819299674
6.967371653641506,7.821630733035214,6.972988711420152
6.28942846779884,19.38824644670575,18.901108903620546
8.77472013527053,5.162668654022551,0.7118946693977293
7.350710438038858,13.134733290825844,5.152492761051867
8.034809303848485,6.503801284493898,16.959393435882866
2.820345725713065,15.469462513732013,-0.6546274528022806
1.7743954377972282,2.6174732143669965,2.2748522719616293
7.506147516408584,19.396420901570895,-1.4298308958225947
8.06834739267264,9.075790827672785,5.363433814256352
9.905051420006734,4.721009266929279,21.788686842152774
4.126176769114265,1.4699349466002531,5.1195972318912535
3.720180857927832,3.395158101750815,11.441981321279112
7.764129607419968,10.395478971120353,3.239645892769159
3.4080354025301784,6.7400635286257256,4.2030162109964415
9.307573256035647,16.57766731765219,3.0831042220567095
8.584127518430119,8.617750473236118,22.37952073591364
4.289940273750183,4.974285451752598,4.241770906387478
7.508710677914974,12.342899732080602,-13.770027665778102
7.545428740846823,14.135544337708916,14.520133654006276
1.031238688359326,3.340838158018997,-10.488232077350672
9.025529066795666,3.3523843257663533,12.003298089581346
5.052523724478571,0.7334285386708594,5.7945821243564755
8.264574661077416,14.72804030131281,16.732169222826343
3.2004960103061175,13.276090552436102,-29.28681077694499
8.955232284962005,9.492617514996278,42.37442503100942
3.892016787341631,16.883408979383944,0.030519283753863036
0.1083765148029836,16.113403059001065,-16.83275324250222
9.053819764192637,11.707087287935042,8.037104658796679
0.9128667678613356,17.365425610265174,-15.700803064088301
3.1931363759041487,4.1168242007353655,8.25387618267132
9.50061967050805,2.2383923879545575,27.51763417022523
9.506071469375561,5.394992230339792,22.847232657065636
5.734378881232861,1.141737121786297,13.861669469491085
6.318372121697992,10.62339056002064,1.0744774291469505
4.4844552197831975,18.732113845899228,-12.780131402156195
2.9321077169806453,0.7868708133701929,4.436941512880572
3.2866454536991596,2.442198280200536,16.623676666677902
6.725184560770384,9.043980565668706,11.895751945932131
7.5237452943768,18.6775003505581,-33.00752353137052
7.915790437258485,6.32312209953501,18.76073733900181
7.896181427945539,10.144696173767848,9.514180108530176
0.9120610304869037,0.8314571810078419,1.0953163945488744
4.944203047025814,2.9668640192417772,4.915086263585545
0.5755876001664428,19.73260245917694,-10.999026750736082
5.495288823237355,19.30237392872091,0.05063796485687533
4.41530501373377,0.09879961868819231,3.1909263136725023
8.877041827582998,19.03623570846478,3.4196445900451122
3.5091501255207866,12.782398756310007,-16.2825705391829
1.1706701642760586,17.358365890400442,-31.699545305679685
1.4299168205283586,9.094797112677181,-13.606136729791372
7.615106317174723,10.311920571585006,15.287395830862389
6.182180633162611,9.776931605138405,13.25438411050131
1.0112267612279024,13.337285150922087,-8.345821077063817
0.8410680611499743,2.793025095126258,6.001997907203397
7.009691314591199,0.599471797453559,21.96664500068331
0.7276300636419353,6.158598831823818,-11.986059391313265
8.218600592903563,14.093615254732935,7.953388623318792
7.062422271564962,4.037069042458967,20.81566808023847
0.8134878064189976,13.468648666498346,-6.585745585614776
0.8483771408519192,19.39824092214541,-9.267812539698262
9.866395785011754,1.8780143157883677,29.495410755593984
3.742707957561203,13.452042364502525,-3.271198868084193
3.706421470668909,8.875004386091423,9.31755079652684
8.127995672575025,17.362845087550106,-0.7806375161131653
9.472485773838587,3.542995788947718,10.610872975582025
9.860010638228708,13.85251904452329,6.3963341027061835
7.533781852589416,16.762305792962206,-8.729338768145595
3.762595855309158,18.892284389480466,-20.01603437884748
0.8350071669866876,13.664960565792917,-15.75562146863996
7.771469159274368,9.943495280168547,-0.4277206480159501
5.58404249735805,12.356944804024277,-3.947842817824411
4.242220092469763,17.378099689574363,-29.18431606585268
9.06354385094736,11.412194932776593,11.097162781765874
1.1119748230615134,0.6077411939367372,2.062702378551941
4.926251042908591,18.618973910139555,-18.198027395577896
0.11353644767419069,13.790535020631223,-9.672344221247938
4.6866064199412625,13.53026771554493,4.855896167464824
0.5630327568183735,4.3135030479543435,-19.84422040918902
1.1881791626807192,13.177709404653143,-20.470051164544117
1.1752624677710488,7.87728811308317,-14.206013064145164
6.492103021160636,13.024659540829841,-8.798364907182863
7.460448792654233,2.1318606061598144,24.387637673561294
5.833687650971596,13.156906092060721,-3.142329570771908
9.621725484745419,19.98827451541333,-2.5767641197385567
3.748705795237041,0.9642407772111206,-11.823948088628278
2.8571208628186073,19.543483684426345,-9.955197962172832
8.685991281894603,8.138159214457412,-0.4433968011471112
2.235958385194526,17.415069006745185,-14.708860542444622
9.632225394406113,15.64770968116547,8.077081248198642
0.12154474689816341,11.340325219733355,0.30205756195189437
9.69878826707639,14.76898418502653,-6.564014345531982
0.43159911950576113,17.57031122602696,-50.200497230676206
8.911431136980712,8.082806433020659,14.417705570363935
5.277011090862999,6.540663231264774,23.3488436647483
9.929647961193004,13.351867711271694,21.19134217885085
0.7379656473539886,16.15691883882517,-15.446794335458977
5.538542844013207,15.245702695532316,-9.364847980926235
9.69302535619099,15.95627297717269,13.156261784243348
5.230978441701488,8.71166629625866,-7.1120154483013565
6.293986381352625,16.35668432350043,0.8705224587432365
6.957486889846171,2.404181107412169,19.563401487387097
4.545410647677732,10.889781959216991,8.89788734312274
6.275580800840634,0.11517320996243141,43.147344539257446
5.843143119231002,6.4917165980054055,10.74195755225869
9.01158010490989,7.329230697427958,8.644237168286185
0.4544638034145787,7.923453832185108,-8.627728212005628
2.809631895922303,13.909344133797244,-27.357892269642118
9.504114840765588,7.771162025406914,7.487761360535092
8.902637838909163,8.973872452450614,7.395123273201133
4.55656752785713,4.75088261748655,0.44947569931304
6.201325978015367,7.465035832586802,8.068820666271478
2.7738118298113266,4.545392545263029,-6.744140803609325
1.881211597237613,1.4639184753688728,14.156633495896099
4.636984049399821,12.068971867627559,-2.8882354684715423
3.533522280260528,13.364255971100325,-7.296304676055333
5.836561118508721,12.38980692019229,-3.5553126730881246
0.7773463696498484,9.269880876011447,-7.628584288499325
9.743948076661665,7.595715603584596,23.495994114028996
9.86210744479603,17.266672991436504,-4.736041134842731
6.981617140197452,10.381635702724362,-1.5850848835281717
5.360963663441204,9.58363755259462,-1.1352161922771797
3.0952761628632777,0.5128413161287138,-6.335928406928411
8.137950197069486,6.824956552523127,3.9623490324309856
6.847311725538793,7.603912375717141,3.2313757275398256
1.626169393448913,7.97645561793801,3.2375685492239423
9.109271844938425,11.603447384546646,11.47465604090934
8.22537242923169,10.67205093453757,9.692869065309587
9.49799913291924,12.158101855868892,17.66425522693515
7.2571950838836,15.297665230842565,-1.5879284512960417
6.134151959357899,16.25971477432187,-0.27162933150259905
4.182430362906189,14.362461524529888,-7.811095451495353
9.327284833540133,19.110473919098695,3.0392668749281837
8.660638895004084,0.3646516535272326,15.38642867716171
0.45218670106189407,3.915559713670922,-27.95637648651466
0.26366974497252005,0.1512574995628424,-0.8651262589071523
3.7646336687804958,12.94949428309206,8.099672393240171
8.105533307818328,17.96061097899974,7.973254117162055
9.872761293149445,4.8696459315259855,28.492302960954135
1.5041689110352818,18.540690895926133,-6.127099579460976
5.941307153521351,1.205347805791217,14.293426426468296
3.8089085663102153,18.688720536110285,-10.931036153500843
9.699143978146033,7.032453744792688,9.632396497270355
8.421189231357086,2.0284165689843303,15.458144635341023
8.383287047111379,9.717435183726513,15.455006895018048
4.686931597949703,5.135531354410158,17.59353574127023
4.148195023376652,5.697458039238457,2.1390751545454862
2.7340707193070624,6.1457992985257315,-5.041675008477338
0.5637549665092711,16.060517956653268,-17.85795454314477
8.647223762550531,10.783225533505089,14.690256255461374
8.129010091300776,6.2261539831200725,-1.5874077128275648
9.997176732861305,12.206675666218366,-12.616878498681157
9.966368370739055,14.323013484463871,2.222936250575156
5.5543170560262745,5.452480014670675,-4.86430763668071
7.689874151805105,8.27098203050703,4.218104966431219
9.44765729882428,2.437721866738951,19.216073818799245
8.496473906774115,3.6229869906936063,12.361116287872825
2.4734810174319763,13.622357079299656,4.3615493931278095
4.505441353100935,3.628766953912539,10.176530684080491
1.2915941515149498,10.503267673341202,-6.370192233113784
9.540510272587223,14.180925234448654,13.056236840563693
6.0617463445088005,2.1375384618948767,1.2009885291904592
2.2864280550346274,11.346244392578072,2.4916947406955696
6.7170068440585675,5.131255674027275,9.87736743595909
6.181282404578958,19.258537504751597,-0.9522328218423954
3.5816271803284048,9.670912934398494,-13.369599900858736
1.1355759219962902,16.119850995503164,-32.042469049773715
6.715731955927996,11.004530843125234,11.762789458319993
5.2030770090379335,0.8682506570963833,15.72988699505434
7.723183917356393,12.663027511880447,-4.908188764440659
5.201635011119934,19.02806684413314,-18.526223497906877
8.5218150031854,12.032236402926625,18.12020166859925
5.519068387744856,16.383777188535802,-17.756980585554103
5.609379715353863,17.684129266968156,9.229223700582505
8.76653602658345,4.5615954389786495,7.43621819320556
4.034828662123971,4.240896798164533,11.381914753596318
1.3401522845064073,12.219619777019835,-14.59934777864763
0.28782676313338973,8.220569396134094,-3.1132420567040064
7.55137255673619,16.797226057334406,-6.719379898102737
6.203095513534647,18.000462467960222,-7.72074523843859
7.0407976809922355,7.068427586054362,9.529072853172567
2.129641615089107,4.737411179489641,-10.382663935479528
1.3637147558676976,15.610510304877236,-7.915082021982181
0.14544665667881929,5.496120710962722,-11.363863876174069
3.5058755880659698,16.45228637027357,-13.264053827563544
5.899176868546331,8.474765072975256,-5.365269662289602
3.922440450997323,13.350997985829409,-31.838433043455087
4.374749220237291,1.9107062766933636,6.733747892559501
9.041586944937483,12.47718649353146,31.757497786235117
3.4825546702330037,9.035353574744583,5.710005264869249
5.139894891598108,11.732169263509482,-1.421469684560054
7.8365301274114305,3.3602841548972684,12.930076040569176
3.9654278232127016,14.737474898883642,-7.546741392508151
6.220867002278735,17.25594155086457,0.31622879641145296
8.623637087467452,4.334796001815513,4.549209363401564
9.495206236576422,1.9142911104032345,32.584083205645896
1.4707348092903794,0.4727717209267279,10.263324112526316
9.265876251614944,12.839430008865321,14.93923187547832
4.921162930795382,12.141880721775616,2.117407848954991
2.5824438829895833,10.9339482542814,-6.468461620723823
4.591357562382613,4.638941922319509,12.640275958841318
9.800325752854771,7.818119918110293,21.03721181781836
4.926180939928696,11.889526703723462,-5.49238680405665
3.287516102875082,9.935337177183388,-9.43963208440137
6.334008543167258,19.755710404297744,-6.853268174619281
2.401456187781931,2.7287950511346626,18.21928792304511
0.7586332810866392,13.902891080951875,-27.17795685096466
1.2887972191064923,8.086375362085843,-21.15691004426118
1.2804583895777244,8.563992298512295,-5.428036371905275
1.5190269351229435,14.351955313163526,-12.915902019428692
1.3882717264941014,13.848723026487393,-11.414371671845535
6.4087474480321465,19.825119874043764,-5.3287432496871485
1.8188008439914483,2.5678857890825046,-0.7664833832684357
3.456672833238632,2.0821929876833267,21.04168488389741
8.967884099060118,14.486776342574823,-10.973461148204649
4.739616402628723,11.567738340128182,-10.317215249384471
6.675577385210271,5.483213331196117,9.076539864099866
1.7231987120162984,1.588387379779732,-14.029956187236603
1.9228901880867078,1.7131649919286107,0.9928834355817251
0.40868616266478863,17.883817493282365,-3.824163927996686
1.6893506307216455,3.837346494374858,-0.172574333486098
2.7859033903195862,6.467431242310415,1.5108500422133027
1.7701048427674682,4.53312804453976,-13.616139198254842
0.8870253375705561,7.099926116638747,-12.46596207643488
1.206358711006008,1.3884768549218673,-2.402239251630591
4.607787680327258,10.381195818165407,-4.115116748542686
2.063337184057925,1.352251271844298,16.35207938396934
3.6426986104807546,16.007130156447232,-4.524899054283547
5.034172708548569,4.6742416382086605,-4.1382377638492915
6.903948286293653,10.800238292090212,6.764632549545929
0.39312139841098936,17.601581751229165,-15.156877120479674
7.994103989090426,13.017547380943883,15.765693500806071
6.279003894909078,10.659155731026706,18.71192972572438
0.8175903194887191,6.486675062307512,-15.890976194325903
8.735786241067773,6.660038261163958,5.738844577169299
9.208724005318132,13.389739103963802,-5.621655500607394
0.6107795985486375,19.88278722442335,-24.672594264006236
2.7687764814720373,13.236783796987572,-4.298615608241651
8.062012797930613,11.155668347400498,16.641575143836953
7.482596903836583,14.613010204784922,0.41136977742432357
1.8452101935637732,9.304112245674363,-9.75038444344824
2.093493233367103,1.2028468520157043,5.307896783486315
3.70472102791382,11.245936317558197,-12.584750027585516
4.845229851910213,19.152505690107603,10.02545501859414
6.1825477153029595,3.506058847153193,-4.8275115995070195
3.689136395697724,13.800097816413315,-5.489870601494424
4.625347161331479,4.0186737731811295,26.97702156780774
7.474709381337565,10.716553689461625,5.8949074715899386
0.366832028905979,1.9335289929343924,-3.303545069271268
2.5243694434402073,9.007418725163703,-8.072433089700198
7.133495858845524,15.123266577904921,-2.1180970639961747
8.952068376871994,6.9514304847796415,27.766939107209716
5.116774421156661,13.29823448974436,-25.284564448096646
5.321134852653157,15.908999215794584,9.546375085642646
1.0717201133977605,18.543556389589053,-33.812538908513915
4.474123668234546,4.692841637109071,2.8873759137113337
5.326172664550231,7.986318316186162,-0.5605945210344343
2.4247050363472966,3.0483202666083486,8.28931096864542
2.6924323094938094,19.849670043167503,-33.069766796903956
3.7728416310462265,18.540019358485907,-8.194192491748092
0.20071197777726368,10.799142605611191,7.785905050578254
3.220791655831783,16.840665887528424,-25.788559971382753
2.1144800699654462,10.419159545440843,-5.31972960351144
3.2749735217791462,12.471713760055195,-13.39844448558446
1.1976213181925122,1.7824886423203323,5.11393898662724
8.90527280739895,15.105408409936159,4.328169700731505
5.935924535540487,2.5542696727046965,5.3598186411624855
6.791023191444896,16.521352605050566,2.0306577012622986
7.891712386073383,15.640561753407718,19.004087958961627
4.984421989290572,14.17489395485953,-6.457855689877989
0.8692028808742369,0.7232076104952423,8.502737491073121
5.371065418185478,6.062567118906572,-6.780146575935829
5.868411180208791,5.262251398216858,-1.2080374955183366
7.4543947418433,7.202728149430381,14.716775854095568
4.316595462296794,1.7528549352767708,23.52922301876951
1.2758030279556376,18.739156460621256,-15.741346694999812
2.8377590579872445,11.076044814247526,-9.327436437360463
3.630822963986351,6.1104862131604705,1.7373880084068547
6.459172413316012,7.939630341485668,-5.883702716189946
5.707783046689119,8.944050810096712,9.581749908160411
3.5609672589784624,12.011886667212346,3.3114847700254337
9.865152487929796,10.313588553929955,7.765671626777741
6.057748193568871,18.387839464288348,-11.621458350818855
2.372267917359945,9.939269658116604,-3.337671499819577
1.0178247262040374,19.84316029646625,-25.63442790065536
1.5285913918433203,17.028499154901915,-17.27404665253222
2.459577283845081,4.170210287146716,22.1419087567018
1.6068137325955567,18.611904292878325,-20.787507827425063
1.8656702405130576,2.327327957709522,-1.7120194681810053
2.850951686938471,16.348994169823833,-18.966831842794015
1.7337359529475482,7.612465869531602,2.641300553930316
8.967654246264251,17.55948640890139,-0.46448980720206845
0.8023374566164221,17.361133802149006,-25.32124730425201
5.245113895702547,16.118508002352424,6.983615459163579
4.103968269896615,15.800608726141228,5.495220248508437
9.823786169086064,6.093582781960816,11.24293042697513
1.1203890216805235,1.6183856610250436,-17.806489752634903
3.9785559904574166,8.059603575303228,10.35000258414889
9.69470433275369,3.4704902997301734,13.225874214607973
8.655071258939802,13.899021778049235,12.865108005318108
8.1707207094928,6.921994530755711,-7.580629840293211
2.579028270449398,19.512204017198297,-8.04110076152137
1.7088758739006582,12.81944154690664,-23.222859464344136
6.68643219924431,16.449611272687218,4.284188161551357
9.293759891275858,2.6504934548369685,20.196538260749623
5.567628930139298,17.24028964545245,-16.308669443161143
5.7161268946989985,18.455143810267888,-11.926218464841774
2.7997909366028417,9.741238376378718,2.1731758594196515
7.694929331919369,12.125058755019548,5.746197354927307
1.8704374855752337,15.29619601805991,-7.835211703008962
3.2367923640424365,3.496772545208251,23.660259701011043
4.254364386164168,10.051321529268849,-17.06809098682271
5.07610378684455,7.973260555446262,19.2944725502621
2.4240973241508024,2.9274798432449822,3.590826873715156
1.1483682473920354,7.350688445830629,-14.937745999747948
6.1062004244163255,1.3634461877098714,0.32622937839906996
2.8863055324025577,0.5162381389897397,4.705074156448372
5.812382214226123,2.703325783096455,20.503465715094155
1.5436271527420231,19.262302231783476,-20.531186000060455
4.811401018548175,10.99059071790034,13.951342987363503
5.325894325515859,19.3164432230644,-24.376752954403223
0.5182353682242691,8.64995756660264,-9.20525013782304
3.366042781939206,6.2363226617051915,-11.592414683329405
1.3441467693897424,10.122837256804882,-5.150718958441824
0.6337497047276774,8.790233772658203,-0.09503236439764606
9.899602323899453,2.1132936852348783,18.005435450656247
3.2235384497472297,12.816526293804124,-33.36312399446821
8.09874445854635,4.320763650191992,17.05142623410043
2.5464065476376385,12.39175909795659,-4.13670903111872
6.8150272222392925,13.004021847963067,5.475689387659527
7.6022785988968655,3.040497062572962,27.71492194037615
5.956387406078443,1.2269925422133632,2.7080406680495823
4.715761885501584,15.615231721368797,-0.14671229738410307
4.118409141472686,9.196008475386403,11.18588780799778
3.4886826654299528,1.1632759101095158,-10.460100268621705
9.29529144247826,19.897326343395342,2.55795525331101
8.306194077877292,1.1556112199273327,14.336953420703715
9.650269106665126,13.900704577171064,6.629600543041082
1.2429722348554473,19.67357850526827,-17.024098783799943
7.308674752036443,4.783602084318512,7.659078737773369
9.383404568210379,2.8449873737439235,13.287445780417123
1.8123306616566015,2.427698788448578,1.9591122828834564
0.664962673667775,6.065502951351911,-16.48865624608088
7.4112064929005905,2.020916220212934,5.244665479144103
5.744731131799119,13.843226833882639,4.543688458403665
8.41828776758272,1.2458359626012538,8.062775912248734
1.397723766262895,10.188442562995794,-2.068696650845596
7.952673118598902,19.933937077059536,0.5868712325653238
2.0162732004774453,16.279405390120377,-31.752670754856805
1.636559428657045,12.304388764620217,-17.449514469258197
1.6426579793099294,6.125072415732234,8.697652079869869
8.14574720231382,12.47791672583277,-4.420787376611587
6.651972206962001,10.540829278233034,-0.6631072395685118
5.230654247691193,8.521667677807429,7.4712433383780334
3.5883048412350247,2.6142075348039895,13.66761815414873
8.772005408131083,17.732084304809334,-1.8638765058884514
3.924451074226354,8.99569297642645,-6.958805833062273
8.16599439471577,3.8924502364153013,29.967744320076143
4.391349085702184,7.355187017545792,19.541144931176298
3.769444294249076,8.282595050578541,9.273077182746395
4.626797856696064,16.550757911337485,-7.440733426214581
3.0137787416414206,14.672287611228041,-18.15495549577936
7.476093801762511,15.386097872826795,-8.07752700855153
5.027203900924792,0.22062528857294428,17.52840045868202
2.322126951468173,8.32307996359523,0.001603631242993231
8.995745732745684,9.626883032706473,24.953090622080737
3.8389122137321143,0.38384553646113373,15.641166815938318
5.435528611139886,5.196264174900684,-7.677498499629287
9.06472110964547,15.2057964624427,14.93432319641162
6.242379959139921,2.742194114579981,2.3347106872096965
1.1689804070836407,10.706202629051834,-13.764704856676612
9.398321236134752,4.30403744034475,20.83296022444012
6.277080530714178,0.24241549287786546,35.35847763317165
3.3490561465708613,4.82402915199083,33.68299094409176
1.3927207266338726,19.517475098201075,-13.87193770989478
7.9402518927029595,16.03074223765979,-1.2182271406382306
6.200727559285135,19.191532886420667,-2.1829640806864594
5.334610919763215,9.75708087852725,10.5045845039137
8.938925830509577,2.19472397355007,16.50696955244194
7.885972112245307,10.95918977947386,24.516016104367857
1.5167487973275118,9.087546691199218,-4.81247644420626
3.1172206779554825,16.88714165479232,-7.494087399948133
2.4848913981446574,1.9616516156848918,10.517489077084388
7.43946292572677,9.764822740435564,11.096736131938803
0.3353243473577938,3.000973293879685,5.626547920434987
5.698896848713165,6.493518537801199,0.28248801095223985
7.624586857406905,14.747141547755993,-4.218120253250232
8.767656367617494,9.520362587375331,-0.506836515523613
3.4208174871590744,7.517765702915387,3.9257371806014847
8.212573046720129,7.889525571400706,18.853366966240618
1.1063173695520723,9.188935368119733,-3.6832003563446403
8.464522917345182,15.700330876741138,19.065834574748962
1.2748866233198242,17.84169377880469,-18.278776164556533
3.9728729056036727,19.106693730078565,-6.308433656159969
7.972953657795536,15.738067725105902,-9.870305887031384
1.4991742734877378,6.3081379149602546,-7.692826838976972
2.2925139523264146,13.762694121730842,-3.828570489603197
7.222525683930662,8.752062481107838,16.04486033992869
7.200365365460744,5.093412440921023,8.949149007904808
6.411476328852973,16.817431588518453,-4.8682196026703775
6.939484444671001,0.7685269792464999,1.2477412697736092
5.427244433475962,18.03523984270847,-11.644468735626353
2.5179905890695276,9.229549292494683,4.123348956878061
3.4569599350391944,12.744029536165609,-0.8983854447350801
1.8159771680142567,13.187078444115654,-6.277893999091046
9.084505613336283,17.902354814130728,1.7261751281934363
5.833917947661204,12.733393643344147,-0.6246459165781997
4.008514167636399,12.278671695201236,-11.316332009884956
4.620058036441327,1.3330408112137992,16.938780319672105
9.472833396118153,10.36816043890408,15.450020407504386
1.533514031160802,3.003380016340833,5.149917538220999
5.862298320167972,14.748675374429713,-8.303013075571528
5.05888678884466,10.24443841625349,-21.179538326104982
6.1145423543464785,13.604555584167066,9.932416302402673
0.18110183820840509,0.8334580120476853,-5.335769579020251
8.721239089441514,1.6958403209160644,11.1403316980733
9.321182824836123,14.326467761253646,13.045984867725869
5.65133183589209,1.4416867199734673,8.478179126570769
6.966508238768922,1.425134555305172,26.30547297102232
9.224993811772958,0.242169504697749,28.94194061956207
7.072386343133986,19.1300279659896,1.5606255306522208
1.5253904291426135,14.75016718918014,-27.546281666164973
5.762883601668132,7.065028170041283,18.048615053984797
6.067150463828559,5.930711625753105,10.663527521006236
4.24130671302386,6.994064594916991,-1.4823821238027701
7.3644423562472285,15.493070623623638,1.253305815692218
9.343670147690148,13.227412221408288,-10.276071625447774
9.255685129067764,3.7039113573493587,22.781047308656888
4.508393714041321,3.482186706681687,-3.2013548447354374
1.1323804584075525,1.9679129942679463,-13.057247305537999
9.848411989623346,13.206054394026763,-6.449827160952662
8.388980864459342,15.287453244434719,13.754392017725944
1.2466268120326685,5.3009285665000805,-9.537181186646311
9.208418826173723,0.41889922061825624,37.8556450998574
8.698963620621283,1.643433349528547,14.417274401595973
5.188380571260721,19.35720069690061,-27.331268984058394
5.912754357449293,5.908895549548405,-3.474033165321444
3.9900270387013026,15.384462956762672,3.8718282487074376
0.5476163882203133,12.493271377085275,-15.181866461318222
3.3519724164590095,7.6387927930579185,-6.269493275427989
8.028534485980114,4.113745243911103,16.73502418078484
0.04632023004602859,2.4277283631881286,2.220353900964767
3.334991716911442,12.300259360777332,4.751156218370413
3.9816869359094333,15.49267561275576,5.8479989033959345
5.373956029379229,12.878085070822614,-5.616498469429922
9.198556164127606,10.606042664983166,-2.991337648481167
3.4634599436596125,0.8390244686327253,3.517168885557001
3.469532018962277,19.369775551887678,-11.967095549030656
7.3750124810974835,15.97428383309149,-10.369198659072188
4.522179408898071,5.856440734019294,-5.293789507528404
2.2460482293998196,19.599406587177015,-14.466288515614012
4.524395161326934,12.037631792726442,-3.6206937636589056
1.4085702037979986,11.648453164144929,-10.128748333363053
1.763869865062233,14.961463588590643,-21.129034990653885
4.983677727394797,16.23539576180275,-9.327287737733977
4.189254495045479,13.129572146630053,-14.524681781025409
9.148459010681,2.5619149273240005,28.69883372516157
3.623938991166331,6.765350119889968,11.293920681285393
5.805883502780435,18.561672806520995,-26.221177233255045
6.322642879195303,4.492312236877039,1.1207239118117105
0.13094456588333636,7.443340476750267,-23.56993970829277
6.635373720167106,8.64153765888392,-0.28165023431191827
1.7803596686975143,8.788099793889044,-6.929200278826676
9.610703174694551,12.25879164989051,-5.180244240117535
1.4866272775311296,18.86151675489415,-28.13585004329829
4.146241237270237,4.8138542366501,-5.450595711619507
0.8534966807864386,2.4300275260183613,1.2903819647335024
9.968742518459473,3.9494097971987463,20.876007909872694
5.021950103312426,17.73849800418539,-15.948697880113937
5.953850173200438,12.916216253104121,1.15337465067013
0.6707647738842748,5.718135784783202,-10.651651852901809
7.499604703991778,16.318938779372345,-3.5502658785278998
2.0990559309558576,17.22739992726872,1.3092808176525494
8.980542894407137,16.930286773805562,15.539623625354647
2.0513964048200717,18.37853067279109,-29.921558164575103
1.9068772066366657,5.044820403467232,7.010732711222731
0.3654966784809488,15.100838574925566,-9.093299048792385
4.720669451099992,9.2107899454828,-10.733907194355561
5.648411332626164,16.83997105780123,2.100839499752544
0.6570863942835237,14.569813543232264,-0.46174108204437836
7.755276166950106,15.528948929994492,-10.471996361062265
4.532888347480276,13.12323675362143,-13.59069144578766
5.243902693275801,3.5485753893941374,19.02808093435156
4.407627469382281,10.900538377938766,0.6533757281856643
4.00763060875326,19.693394790490164,-8.098234474309812
5.596403313082179,18.747761329942378,-5.1004131492204365
1.552402459307125,0.8634747159402334,6.751795698420974
1.8192813049527112,3.2962963145887425,-12.672073598235544
8.617856210135173,2.634575469091238,28.85632702864293
9.461154621336327,14.51959819970591,17.92526863797146
3.7330931627975295,16.3557065971389,-12.588022450253135
2.707446731435538,4.270227326213439,1.209574538994095
6.439995432390157,10.11705385903658,-11.35155107542573
4.087341710980964,16.814060560224,-4.815970834638039
0.2538635566034486,14.656030895325012,-11.232003765739952
1.5615259736619036,10.844744109836967,-9.731788167642708
7.159722288473976,11.806953809175457,14.974494748879415
6.589239419101514,10.1672109383256,0.9316731119636614
0.2709599250348349,5.950969026376411,-0.8177037601286035
2.219721619329494,11.300439857180322,-18.207867167213806
2.310747965880714,13.777706041001814,-10.991898843242772
6.718927435987284,17.466458317216155,-5.9059739697195335
0.19710537754364155,12.725827079584962,-12.525149831233435
1.0410858198457384,15.22243074086316,-19.359471627755028
7.999160853731894,3.20143269909146,14.841456938703303
1.7854466205433361,9.231149488395797,1.6467088796984477
6.527461078518747,0.18663239654186592,11.72705144806445
2.381827810467265,4.93357729043246,-16.031494229737582
0.9944139275934516,14.529234302260097,2.5467926983257207
2.4317219099945406,19.83619902698727,-3.9095932704935077
7.2226693185565916,1.9835619917443181,2.7537719552421134
8.556964681062858,8.029886317225765,18.653626174438173
8.302198645669916,16.00141937398319,-3.4759543401184647
3.9718352961845484,4.080712692577977,7.667605162678394
6.680851365706461,11.101698986045726,6.32233092114622
2.0498429541582097,14.661425920593496,-14.813181722479891
2.9314773026101326,12.319709005203581,-15.292614205582929
8.963358185211197,3.7604946923083227,10.990391309095411
0.13001923510736035,7.107691373714788,-17.36610071550177
0.8550853085446808,15.675835689707945,-24.991511638592282
2.078862551460273,11.084530282640333,-8.776062861011269
0.26532203873819715,0.10459227085825473,-6.619805519291931
1.8143543508979731,15.219815200561877,-6.90737170630312
5.830415609696922,0.7062270988047814,28.60102805903584
4.214245505924979,14.914675654624643,-13.162529434437552
8.926717110769749,4.049611203304748,19.85130433831245
8.17443561738441,19.161469602387605,2.4391766236252375
3.4181735169787597,7.35881502604169,4.434878470389617
2.594234334312925,6.538632326761582,-0.6012202771707114
3.7969240816726693,2.9777610066488935,13.345821179800224
5.902949425148077,6.112084309804297,12.245361917911609
2.6806364082287626,17.53301523656401,-26.714651486577885
6.24148907849134,19.926686752544946,0.3832592370671488
4.0941165219124045,7.366190610136966,10.268770945284073
5.520471808519803,8.97221261909085,-4.5983366633953295
4.361265291353167,14.441418764054742,-6.047160934006754
2.9446575954191765,17.72391560930149,-7.073764814503153
9.484533069621566,11.860886683735682,7.38513045777748
7.636057941597608,7.830513963556587,20.42330857538623
1.4011317576645255,8.252436816972475,17.238630159987952
8.684679758979128,13.912362929936137,-2.8429964448253653
4.874311982495136,0.06436527208557363,-1.7019044018025955
8.945522268940914,12.391786749196815,10.531847529364866
7.998552559473152,7.109860208827148,18.68017419935174
4.252135044692334,15.883946625541686,-10.739062077366878
0.22469308320117398,1.8598127964626432,12.86256398545811
2.686773593849461,11.76404533896781,-20.785978419370206
5.416342146608669,9.619457797722475,8.926692239570814
6.334782198261473,12.846510518104548,-5.63746533366071
2.578876854332023,1.297071889659367,22.084484930311785
1.3935607407282413,11.599675748562625,9.489444485226636
8.34930236799299,11.229691759190475,-0.2689400688795729
9.84402180703552,11.213201888323418,5.658640892514898
5.256901823026858,12.069753331929096,7.25442942905025
1.716792858483035,13.529358744527244,-15.81455484512025
2.7230732651936895,16.099779993615396,-12.966165008676635
0.18390676547466733,5.396414402564287,-5.762046163966374
9.14298806560499,16.500988203601242,-16.14044724228558
1.1775108289014113,9.965113645269073,-9.152736763011731
5.765164755142536,1.5411655826866233,5.666235447990651
2.74055220687206,1.171018584879584,0.5149299913269294
5.541780025157934,6.6847663739212155,20.269050448877515
6.514203883518642,15.697939542229351,-15.117086684671179
8.297418037072017,14.153618694818315,11.89125452637784
2.064212717606032,15.772299293448128,-16.555856661440757
0.10995828658480478,10.345381128832187,-14.937163323094957
1.3688563006880727,8.80397995910981,0.7610837613055237
9.00018641848105,2.949050534125679,22.362118350940715
8.738900775625153,6.5638550721862305,19.676755824634718
5.974131021703083,8.680387323477506,14.20070937141331
6.005168604336534,1.7720085935923446,9.573427366697294
6.650366745462555,4.412239054224225,5.208862653509813
1.753712786234496,11.964505881274777,-20.82463035752147
9.144119459249598,14.713262284783797,-3.049721393406113
4.187705248920731,19.966950227858995,15.99986710195829
3.8313852824949746,18.662266626871155,-0.36946093864008134
5.189177052828375,12.85130399070383,-15.959365818853868
0.46965966775055046,8.42496106588144,-22.160383677117053
1.662833687560794,12.723547294164653,-6.292511916910684
7.380336164263705,15.71303236160464,5.067849550513362
0.8279866792512647,2.3667238184677464,4.71873646914051
6.031521094663882,8.198097793925765,2.691527448411807
2.4534910968132095,16.796045712712345,-15.276069713250791
3.8929561404197655,7.67665903866088,3.799194746249933
2.8869373677069987,11.43744542454373,-5.648661027251675
3.5567271646494913,11.755387217243964,-27.407650476544376
7.1904590518424545,3.689525062672787,11.250721248646855
2.9712171562317504,7.244708833045768,-9.77967205167868
5.664046402968972,6.690225774838643,7.883959266701178
4.760504021990997,0.5239341706412959,41.12512907624203
6.636711653626481,0.4838352778271049,19.685993455416718
9.36829739324758,16.63394087351547,0.3247175731764078
7.325720972102503,5.461416199456249,20.978618010681284
2.149403785907568,10.36157532477631,-2.2335020528705245
0.3118313506128467,5.974511471775461,-2.188890485080024
2.622640442998251,18.81358490230681,-9.951194843115836
5.9507793070025485,5.185935177315475,29.21926170302322
0.5142581348425035,8.593136254778702,-20.335002521887343
4.963662472012364,17.454605009692038,-3.800049063484992
5.968428489168892,16.838671335836175,-14.54914567989656
3.3424389081696084,3.7220283569255463,9.444789705535849
7.7091220374582194,16.05286619591421,-9.177499456312447
1.065982531337718,9.163737734757852,-12.505197089415969
0.7513778173580876,9.659377441707104,-12.663707529032369
7.281887562036033,2.6695994483188756,24.75936676055452
4.954913162061985,1.612030275142493,19.63739101440811
6.88402396427736,14.558786139475304,-12.71765722114081
4.348273386037462,9.929223047105996,-0.49504308143505105
2.464020332391068,8.737014052303591,-11.420164579278364
8.191023176741997,14.590164573047934,-9.615688652555875
7.994158789689792,15.310257979822195,-0.5570831058058561
6.946964708544268,3.1781633533870712,10.46878786273799
2.7214513722996267,12.204502989552825,16.4253897067409
5.902306668690871,2.7070816455537106,15.836866950669686
3.6097389694002677,15.027501720580913,-22.784829648738796
0.9158207332663415,13.13910312534279,-19.125111958954918
9.173135754622429,19.13229242166916,10.187921434847066
1.368186309189614,1.3791603271284236,22.649901109119178
9.502373538208024,1.1410944230250863,6.526787415510373
4.460057729579558,5.6437414938640025,-14.42158932007836
